Workbook

Sheet Зарплата январь
A1: Табельный номер | B1: ФИО | C1: Оклад, руб | D1: Премия, руб | E1: Всего начислено (руб) | F1: Удержания (руб) | G1: К выдаче (руб)
D2: 0.27 | F2: 0.13
A3: 201 | B3: Иванова И.Г. | C3: 485000 | D3: =C3*0.27 -> 130950 | E3: =C3+D3 -> 615950 | F3: =E3*0.13 -> 80073.5 | G3: =E3-F3 -> 535876.5
A4: 202 | B4: Степанов А.Ш. | C4: 520000 | D4: =C4*0.27 -> 140400 | E4: =C4+D4 -> 660400 | F4: =E4*0.13 -> 85852 | G4: =E4-F4 -> 574548
A5: 203 | B5: Шорохов С.М | C5: 555000 | D5: =C5*0.27 -> 149850 | E5: =C5+D5 -> 704850 | F5: =E5*0.13 -> 91630.5 | G5: =E5-F5 -> 613219.5
A6: 204 | B6: Галкин В.Ж. | C6: 590000 | D6: =C6*0.27 -> 159300 | E6: =C6+D6 -> 749300 | F6: =E6*0.13 -> 97409 | G6: =E6-F6 -> 651891
A7: 205 | B7: Портнов М.Т. | C7: 625000 | D7: =C7*0.27 -> 168750 | E7: =C7+D7 -> 793750 | F7: =E7*0.13 -> 103187.5 | G7: =E7-F7 -> 690562.5
A8: 206 | B8: Орлова Н.Н | C8: 660000 | D8: =C8*0.27 -> 178200 | E8: =C8+D8 -> 838200 | F8: =E8*0.13 -> 108966 | G8: =E8-F8 -> 729234
A9: 207 | B9: Степкина А.В. | C9: 695000 | D9: =C9*0.27 -> 187650 | E9: =C9+D9 -> 882650 | F9: =E9*0.13 -> 114744.5 | G9: =E9-F9 -> 767905.5
A10: 208 | B10: Жарова Г.А. | C10: 730000 | D10: =C10*0.27 -> 197100 | E10: =C10+D10 -> 927100 | F10: =E10*0.13 -> 120523 | G10: =E10-F10 -> 806577
A11: 209 | B11: Стольникова А.Г. | C11: 765000 | D11: =C11*0.27 -> 206550 | E11: =C11+D11 -> 971550 | F11: =E11*0.13 -> 126301.5 | G11: =E11-F11 -> 845248.5
A12: 210 | B12: Дрынкина С.С. | C12: 800000 | D12: =C12*0.27 -> 216000 | E12: =C12+D12 -> 1016000 | F12: =E12*0.13 -> 132080 | G12: =E12-F12 -> 883920
A13: 211 | B13: Шпаро Н.Г. | C13: 835000 | D13: =C13*0.27 -> 225450 | E13: =C13+D13 -> 1060450 | F13: =E13*0.13 -> 137858.5 | G13: =E13-F13 -> 922591.5
A14: 212 | B14: Шашкин Р.Н. | C14: 870000 | D14: =C14*0.27 -> 234900 | E14: =C14+D14 -> 1104900 | F14: =E14*0.13 -> 143637 | G14: =E14-F14 -> 961263
A15: 213 | B15: Стелков Р.Х. | C15: 905000 | D15: =C15*0.27 -> 244350 | E15: =C15+D15 -> 1149350 | F15: =E15*0.13 -> 149415.5 | G15: =E15-F15 -> 999934.5
B16: Всего: | C16: =SUM(C3:C15) -> 9035000 | D16: =SUM(D3:D15) -> 2439450 | E16: =SUM(E3:E15) -> 11474450 | F16: =SUM(F3:F15) -> 1491678.5 | G16: =SUM(G3:G15) -> 9982771.5
B17: Максимальный доход: | C17: =MAX(C3:C15) -> 905000
B18: Минимальный доход: | C18: =MIN(C3:C15) -> 485000
B19: Средний доход: | C19: =AVERAGE(C3:C15) -> 695000

Sheet Заплата февраль
A1: Табельный номер | B1: ФИО | C1: Оклад, руб | D1: Премия, руб(пропорциональна окладу) | E1: Доплата | F1: Всего начислено (руб) | G1: Удержания (руб) | H1: К выдаче (руб)
D2: 0.27 | E2: 0.05 | G2: 0.13
A3: 201 | B3: Иванова И.Г. | C3: 485000 | D3: =C3*0.27 -> 130950 | E3: =C3*0.05 -> 24250 | F3: =C3+D3+E3 -> 640200 | G3: =F3*0.13 -> 83226 | H3: =F3-G3 -> 556974
A4: 202 | B4: Степанов А.Ш. | C4: 520000 | D4: =C4*0.27 -> 140400 | E4: =C4*0.05 -> 26000 | F4: =C4+D4+E4 -> 686400 | G4: =F4*0.13 -> 89232 | H4: =F4-G4 -> 597168
A5: 203 | B5: Шорохов С.М | C5: 555000 | D5: =C5*0.27 -> 149850 | E5: =C5*0.05 -> 27750 | F5: =C5+D5+E5 -> 732600 | G5: =F5*0.13 -> 95238 | H5: =F5-G5 -> 637362
A6: 204 | B6: Галкин В.Ж. | C6: 590000 | D6: =C6*0.27 -> 159300 | E6: =C6*0.05 -> 29500 | F6: =C6+D6+E6 -> 778800 | G6: =F6*0.13 -> 101244 | H6: =F6-G6 -> 677556
A7: 205 | B7: Портнов М.Т. | C7: 625000 | D7: =C7*0.27 -> 168750 | E7: =C7*0.05 -> 31250 | F7: =C7+D7+E7 -> 825000 | G7: =F7*0.13 -> 107250 | H7: =F7-G7 -> 717750
A8: 206 | B8: Орлова Н.Н | C8: 660000 | D8: =C8*0.27 -> 178200 | E8: =C8*0.05 -> 33000 | F8: =C8+D8+E8 -> 871200 | G8: =F8*0.13 -> 113256 | H8: =F8-G8 -> 757944
A9: 207 | B9: Степкина А.В. | C9: 695000 | D9: =C9*0.27 -> 187650 | E9: =C9*0.05 -> 34750 | F9: =C9+D9+E9 -> 917400 | G9: =F9*0.13 -> 119262 | H9: =F9-G9 -> 798138
A10: 208 | B10: Жарова Г.А. | C10: 730000 | D10: =C10*0.27 -> 197100 | E10: =C10*0.05 -> 36500 | F10: =C10+D10+E10 -> 963600 | G10: =F10*0.13 -> 125268 | H10: =F10-G10 -> 838332
A11: 209 | B11: Стольникова А.Г. | C11: 765000 | D11: =C11*0.27 -> 206550 | E11: =C11*0.05 -> 38250 | F11: =C11+D11+E11 -> 1009800 | G11: =F11*0.13 -> 131274 | H11: =F11-G11 -> 878526
A12: 210 | B12: Дрынкина С.С. | C12: 800000 | D12: =C12*0.27 -> 216000 | E12: =C12*0.05 -> 40000 | F12: =C12+D12+E12 -> 1056000 | G12: =F12*0.13 -> 137280 | H12: =F12-G12 -> 918720
A13: 211 | B13: Шпаро Н.Г. | C13: 835000 | D13: =C13*0.27 -> 225450 | E13: =C13*0.05 -> 41750 | F13: =C13+D13+E13 -> 1102200 | G13: =F13*0.13 -> 143286 | H13: =F13-G13 -> 958914
A14: 212 | B14: Шашкин Р.Н. | C14: 870000 | D14: =C14*0.27 -> 234900 | E14: =C14*0.05 -> 43500 | F14: =C14+D14+E14 -> 1148400 | G14: =F14*0.13 -> 149292 | H14: =F14-G14 -> 999108
A15: 213 | B15: Стелков Р.Х. | C15: 905000 | D15: =C15*0.27 -> 244350 | E15: =C15*0.05 -> 45250 | F15: =C15+D15+E15 -> 1194600 | G15: =F15*0.13 -> 155298 | H15: =F15-G15 -> 1039302
B16: Всего: | C16: =SUM(C3:C15) -> 9035000 | D16: =SUM(D3:D15) -> 2439450 | E16: =C16*0.05 -> 451750 | F16: =C16+D16+E16 -> 11926200 | G16: =SUM(G3:G15) -> 1550406 | H16: =SUM(H3:H15) -> 10375794
B17: Максимальный доход: | C17: =MAX(C3:C15) -> 905000
B18: Минимальный доход: | C18: =MIN(C3:C15) -> 485000
B19: Средний доход: | C19: =AVERAGE(C3:C15) -> 695000

Sheet Зарплата март
A1: Табельный номер | B1: ФИО | C1: Оклад, руб | D1: Премия, руб(пропорциональна окладу) | E1: Доплата | F1: Всего начислено (руб) | G1: Удержания (руб) | H1: К выдаче (руб)
D2: 0.46 | E2: 0.08 | G2: 0.13
A3: 201 | B3: Иванова И.Г. | C3: 485000 | D3: =C3*0.46 -> 223100 | E3: =C3*0.08 -> 38800 | F3: =C3+D3+E3 -> 746900 | G3: =F3*0.13 -> 97097 | H3: =F3-G3 -> 649803
A4: 202 | B4: Степанов А.Ш. | C4: 520000 | D4: =C4*0.46 -> 239200 | E4: =C4*0.08 -> 41600 | F4: =C4+D4+E4 -> 800800 | G4: =F4*0.13 -> 104104 | H4: =F4-G4 -> 696696
A5: 203 | B5: Шорохов С.М | C5: 555000 | D5: =C5*0.46 -> 255300 | E5: =C5*0.08 -> 44400 | F5: =C5+D5+E5 -> 854700 | G5: =F5*0.13 -> 111111 | H5: =F5-G5 -> 743589
A6: 204 | B6: Галкин В.Ж. | C6: 590000 | D6: =C6*0.46 -> 271400 | E6: =C6*0.08 -> 47200 | F6: =C6+D6+E6 -> 908600 | G6: =F6*0.13 -> 118118 | H6: =F6-G6 -> 790482
A7: 205 | B7: Портнов М.Т. | C7: 625000 | D7: =C7*0.46 -> 287500 | E7: =C7*0.08 -> 50000 | F7: =C7+D7+E7 -> 962500 | G7: =F7*0.13 -> 125125 | H7: =F7-G7 -> 837375
A8: 206 | B8: Орлова Н.Н | C8: 660000 | D8: =C8*0.46 -> 303600 | E8: =C8*0.08 -> 52800 | F8: =C8+D8+E8 -> 1016400 | G8: =F8*0.13 -> 132132 | H8: =F8-G8 -> 884268
A9: 207 | B9: Степкина А.В. | C9: 695000 | D9: =C9*0.46 -> 319700 | E9: =C9*0.08 -> 55600 | F9: =C9+D9+E9 -> 1070300 | G9: =F9*0.13 -> 139139 | H9: =F9-G9 -> 931161
A10: 208 | B10: Жарова Г.А. | C10: 730000 | D10: =C10*0.46 -> 335800 | E10: =C10*0.08 -> 58400 | F10: =C10+D10+E10 -> 1124200 | G10: =F10*0.13 -> 146146 | H10: =F10-G10 -> 978054
A11: 209 | B11: Стольникова А.Г. | C11: 765000 | D11: =C11*0.46 -> 351900 | E11: =C11*0.08 -> 61200 | F11: =C11+D11+E11 -> 1178100 | G11: =F11*0.13 -> 153153 | H11: =F11-G11 -> 1024947
A12: 210 | B12: Дрынкина С.С. | C12: 800000 | D12: =C12*0.46 -> 368000 | E12: =C12*0.08 -> 64000 | F12: =C12+D12+E12 -> 1232000 | G12: =F12*0.13 -> 160160 | H12: =F12-G12 -> 1071840
A13: 211 | B13: Шпаро Н.Г. | C13: 835000 | D13: =C13*0.46 -> 384100 | E13: =C13*0.08 -> 66800 | F13: =C13+D13+E13 -> 1285900 | G13: =F13*0.13 -> 167167 | H13: =F13-G13 -> 1118733
A14: 212 | B14: Шашкин Р.Н. | C14: 870000 | D14: =C14*0.46 -> 400200 | E14: =C14*0.08 -> 69600 | F14: =C14+D14+E14 -> 1339800 | G14: =F14*0.13 -> 174174 | H14: =F14-G14 -> 1165626
A15: 213 | B15: Стелков Р.Х. | C15: 905000 | D15: =C15*0.46 -> 416300 | E15: =C15*0.08 -> 72400 | F15: =C15+D15+E15 -> 1393700 | G15: =F15*0.13 -> 181181 | H15: =F15-G15 -> 1212519
B16: Всего: | C16: =SUM(C3:C15) -> 9035000 | D16: =SUM(D3:D15) -> 4156100 | E16: =C16*0.05 -> 451750 | F16: =C16+D16+E16 -> 13642850 | G16: =SUM(G3:G15) -> 1808807 | H16: =SUM(H3:H15) -> 12105093
B17: Максимальный доход: | C17: =MAX(C3:C15) -> 905000
B18: Минимальный доход: | C18: =MIN(C3:C15) -> 485000
B19: Средний доход: | C19: =AVERAGE(C3:C15) -> 695000

Sheet Ведомость начисления зп за 1 кв
A1: Табельный номер | B1: ФИО | C1: Оклад, руб | D1: Премия, руб(пропорциональна окладу) | E1: Доплата | F1: Всего начислено (руб) | G1: Удержания (руб) | H1: К выдаче (руб)
D2: 0.46 | E2: 0.08 | G2: 0.13
A3: 201 | B3: Иванова И.Г. | C3: 485000 | D3: =C3*0.46 -> 223100 | E3: =C3*0.08 -> 38800 | F3: =C3+D3+E3 -> 746900 | G3: =F3*0.13 -> 97097 | H3: =F3-G3 -> 649803
A4: 202 | B4: Степанов А.Ш. | C4: 520000 | D4: =C4*0.46 -> 239200 | E4: =C4*0.08 -> 41600 | F4: =C4+D4+E4 -> 800800 | G4: =F4*0.13 -> 104104 | H4: =F4-G4 -> 696696
A5: 203 | B5: Шорохов С.М | C5: 555000 | D5: =C5*0.46 -> 255300 | E5: =C5*0.08 -> 44400 | F5: =C5+D5+E5 -> 854700 | G5: =F5*0.13 -> 111111 | H5: =F5-G5 -> 743589
A6: 204 | B6: Галкин В.Ж. | C6: 590000 | D6: =C6*0.46 -> 271400 | E6: =C6*0.08 -> 47200 | F6: =C6+D6+E6 -> 908600 | G6: =F6*0.13 -> 118118 | H6: =F6-G6 -> 790482
A7: 205 | B7: Портнов М.Т. | C7: 625000 | D7: =C7*0.46 -> 287500 | E7: =C7*0.08 -> 50000 | F7: =C7+D7+E7 -> 962500 | G7: =F7*0.13 -> 125125 | H7: =F7-G7 -> 837375
A8: 206 | B8: Орлова Н.Н | C8: 660000 | D8: =C8*0.46 -> 303600 | E8: =C8*0.08 -> 52800 | F8: =C8+D8+E8 -> 1016400 | G8: =F8*0.13 -> 132132 | H8: =F8-G8 -> 884268
A9: 207 | B9: Степкина А.В. | C9: 695000 | D9: =C9*0.46 -> 319700 | E9: =C9*0.08 -> 55600 | F9: =C9+D9+E9 -> 1070300 | G9: =F9*0.13 -> 139139 | H9: =F9-G9 -> 931161
A10: 208 | B10: Жарова Г.А. | C10: 730000 | D10: =C10*0.46 -> 335800 | E10: =C10*0.08 -> 58400 | F10: =C10+D10+E10 -> 1124200 | G10: =F10*0.13 -> 146146 | H10: =F10-G10 -> 978054
A11: 209 | B11: Стольникова А.Г. | C11: 765000 | D11: =C11*0.46 -> 351900 | E11: =C11*0.08 -> 61200 | F11: =C11+D11+E11 -> 1178100 | G11: =F11*0.13 -> 153153 | H11: =F11-G11 -> 1024947
A12: 210 | B12: Дрынкина С.С. | C12: 800000 | D12: =C12*0.46 -> 368000 | E12: =C12*0.08 -> 64000 | F12: =C12+D12+E12 -> 1232000 | G12: =F12*0.13 -> 160160 | H12: =F12-G12 -> 1071840
A13: 211 | B13: Шпаро Н.Г. | C13: 835000 | D13: =C13*0.46 -> 384100 | E13: =C13*0.08 -> 66800 | F13: =C13+D13+E13 -> 1285900 | G13: =F13*0.13 -> 167167 | H13: =F13-G13 -> 1118733
A14: 212 | B14: Шашкин Р.Н. | C14: 870000 | D14: =C14*0.46 -> 400200 | E14: =C14*0.08 -> 69600 | F14: =C14+D14+E14 -> 1339800 | G14: =F14*0.13 -> 174174 | H14: =F14-G14 -> 1165626
A15: 213 | B15: Стелков Р.Х. | C15: 905000 | D15: =C15*0.46 -> 416300 | E15: =C15*0.08 -> 72400 | F15: =C15+D15+E15 -> 1393700 | G15: =F15*0.13 -> 181181 | H15: =F15-G15 -> 1212519
B16: Всего: | C16: =SUM(C3:C15) -> 9035000 | D16: =SUM(D3:D15) -> 4156100 | E16: =C16*0.05 -> 451750 | F16: =C16+D16+E16 -> 13642850 | G16: =SUM(G3:G15) -> 1808807 | H16: =SUM(H3:H15) -> 12105093
B17: Максимальный доход: | C17: =MAX(C3:C15) -> 905000
B18: Минимальный доход: | C18: =MIN(C3:C15) -> 485000
B19: Средний доход: | C19: =AVERAGE(C3:C15) -> 695000

Sheet Итоги за 1 квартал
A1: Ведомость начисления заработной платы за 1 квартал
A2: За 1 квартал 2008г.
A3: За 1 квартал 2008г. Итог | B3: =SUBTOTAL(9,B2:B2) -> 0 | C3: =SUBTOTAL(9,C2:C2) -> 0 | D3: =SUBTOTAL(9,D2:D2) -> 0 | E3: =SUBTOTAL(9,E2:E2) -> 0 | F3: =SUBTOTAL(9,F2:F2) -> 0
A4: Табельный номер | B4: ФИО | C4: Подразделение | D4: Всего начислено (руб) | E4: Удержания (руб) | F4: К выдаче (руб)
A5: Табельный номер Итог | B5: =SUBTOTAL(9,B4:B4) -> 0 | C5: =SUBTOTAL(9,C4:C4) -> 0 | D5: =SUBTOTAL(9,D4:D4) -> 0 | E5: =SUBTOTAL(9,E4:E4) -> 0 | F5: =SUBTOTAL(9,F4:F4) -> 0
A6: 204 | B6: Галкин В.Ж. | C6: Отдел менеджмента | D6: ='Зарплата январь'!E3 + 'Заплата февраль'!E3 + 'Зарплата март'!E3 -> 679000 | E6: ='Зарплата январь'!G3 + 'Заплата февраль'!G3 + 'Зарплата март'!G3 -> 716199.5 | F6: ='Зарплата январь'!H3+'Заплата февраль'!H3+'Зарплата март'!H3 -> 1206777
A7: 204 Итог | B7: =SUBTOTAL(9,B6:B6) -> 0 | C7: =SUBTOTAL(9,C6:C6) -> 0 | D7: =SUBTOTAL(9,D6:D6) -> 679000 | E7: =SUBTOTAL(9,E6:E6) -> 716199.5 | F7: =SUBTOTAL(9,F6:F6) -> 1206777
A8: 210 | B8: Дрынкина С.С. | C8: Отдел менеджмента | D8: ='Зарплата январь'!E4 + 'Заплата февраль'!E4 + 'Зарплата март'!E4 -> 728000 | E8: ='Зарплата январь'!G4 + 'Заплата февраль'!G4 + 'Зарплата март'!G4 -> 767884 | F8: ='Зарплата январь'!H4+'Заплата февраль'!H4+'Зарплата март'!H4 -> 1293864
A9: 210 Итог | B9: =SUBTOTAL(9,B8:B8) -> 0 | C9: =SUBTOTAL(9,C8:C8) -> 0 | D9: =SUBTOTAL(9,D8:D8) -> 728000 | E9: =SUBTOTAL(9,E8:E8) -> 767884 | F9: =SUBTOTAL(9,F8:F8) -> 1293864
A10: 208 | B10: Жарова Г.А. | C10: Отдел реализации | D10: ='Зарплата январь'!E5 + 'Заплата февраль'!E5 + 'Зарплата март'!E5 -> 777000 | E10: ='Зарплата январь'!G5 + 'Заплата февраль'!G5 + 'Зарплата март'!G5 -> 819568.5 | F10: ='Зарплата январь'!H5+'Заплата февраль'!H5+'Зарплата март'!H5 -> 1380951
A11: 208 Итог | B11: =SUBTOTAL(9,B10:B10) -> 0 | C11: =SUBTOTAL(9,C10:C10) -> 0 | D11: =SUBTOTAL(9,D10:D10) -> 777000 | E11: =SUBTOTAL(9,E10:E10) -> 819568.5 | F11: =SUBTOTAL(9,F10:F10) -> 1380951
A12: 201 | B12: Иванова И.Г. | C12: Бухгалтерия | D12: ='Зарплата январь'!E6 + 'Заплата февраль'!E6 + 'Зарплата март'!E6 -> 826000 | E12: ='Зарплата январь'!G6 + 'Заплата февраль'!G6 + 'Зарплата март'!G6 -> 871253 | F12: ='Зарплата январь'!H6+'Заплата февраль'!H6+'Зарплата март'!H6 -> 1468038
A13: 201 Итог | B13: =SUBTOTAL(9,B12:B12) -> 0 | C13: =SUBTOTAL(9,C12:C12) -> 0 | D13: =SUBTOTAL(9,D12:D12) -> 826000 | E13: =SUBTOTAL(9,E12:E12) -> 871253 | F13: =SUBTOTAL(9,F12:F12) -> 1468038
A14: 206 | B14: Орлова Н.Н | C14: Отдел реализации | D14: ='Зарплата январь'!E7 + 'Заплата февраль'!E7 + 'Зарплата март'!E7 -> 875000 | E14: ='Зарплата январь'!G7 + 'Заплата февраль'!G7 + 'Зарплата март'!G7 -> 922937.5 | F14: ='Зарплата январь'!H7+'Заплата февраль'!H7+'Зарплата март'!H7 -> 1555125
A15: 206 Итог | B15: =SUBTOTAL(9,B14:B14) -> 0 | C15: =SUBTOTAL(9,C14:C14) -> 0 | D15: =SUBTOTAL(9,D14:D14) -> 875000 | E15: =SUBTOTAL(9,E14:E14) -> 922937.5 | F15: =SUBTOTAL(9,F14:F14) -> 1555125
A16: 205 | B16: Портнов М.Т. | C16: Отдел реализации | D16: ='Зарплата январь'!E8 + 'Заплата февраль'!E8 + 'Зарплата март'!E8 -> 924000 | E16: ='Зарплата январь'!G8 + 'Заплата февраль'!G8 + 'Зарплата март'!G8 -> 974622 | F16: ='Зарплата январь'!H8+'Заплата февраль'!H8+'Зарплата март'!H8 -> 1642212
A17: 205 Итог | B17: =SUBTOTAL(9,B16:B16) -> 0 | C17: =SUBTOTAL(9,C16:C16) -> 0 | D17: =SUBTOTAL(9,D16:D16) -> 924000 | E17: =SUBTOTAL(9,E16:E16) -> 974622 | F17: =SUBTOTAL(9,F16:F16) -> 1642212
A18: 213 | B18: Стелков Р.Х. | C18: Отдел менеджмента | D18: ='Зарплата январь'!E9 + 'Заплата февраль'!E9 + 'Зарплата март'!E9 -> 973000 | E18: ='Зарплата январь'!G9 + 'Заплата февраль'!G9 + 'Зарплата март'!G9 -> 1026306.5 | F18: ='Зарплата январь'!H9+'Заплата февраль'!H9+'Зарплата март'!H9 -> 1729299
A19: 213 Итог | B19: =SUBTOTAL(9,B18:B18) -> 0 | C19: =SUBTOTAL(9,C18:C18) -> 0 | D19: =SUBTOTAL(9,D18:D18) -> 973000 | E19: =SUBTOTAL(9,E18:E18) -> 1026306.5 | F19: =SUBTOTAL(9,F18:F18) -> 1729299
A20: 202 | B20: Степанов А.Ш. | C20: Отдел менеджмента | D20: ='Зарплата январь'!E10 + 'Заплата февраль'!E10 + 'Зарплата март'!E10 -> 1022000 | E20: ='Зарплата январь'!G10 + 'Заплата февраль'!G10 + 'Зарплата март'!G10 -> 1077991 | F20: ='Зарплата январь'!H10+'Заплата февраль'!H10+'Зарплата март'!H10 -> 1816386
A21: 202 Итог | B21: =SUBTOTAL(9,B20:B20) -> 0 | C21: =SUBTOTAL(9,C20:C20) -> 0 | D21: =SUBTOTAL(9,D20:D20) -> 1022000 | E21: =SUBTOTAL(9,E20:E20) -> 1077991 | F21: =SUBTOTAL(9,F20:F20) -> 1816386
A22: 207 | B22: Степкина А.В. | C22: Бухгалтерия | D22: ='Зарплата январь'!E11 + 'Заплата февраль'!E11 + 'Зарплата март'!E11 -> 1071000 | E22: ='Зарплата январь'!G11 + 'Заплата февраль'!G11 + 'Зарплата март'!G11 -> 1129675.5 | F22: ='Зарплата январь'!H11+'Заплата февраль'!H11+'Зарплата март'!H11 -> 1903473
A23: 207 Итог | B23: =SUBTOTAL(9,B22:B22) -> 0 | C23: =SUBTOTAL(9,C22:C22) -> 0 | D23: =SUBTOTAL(9,D22:D22) -> 1071000 | E23: =SUBTOTAL(9,E22:E22) -> 1129675.5 | F23: =SUBTOTAL(9,F22:F22) -> 1903473
A24: 209 | B24: Стольникова А.Г. | C24: Отдел менеджмента | D24: ='Зарплата январь'!E12 + 'Заплата февраль'!E12 + 'Зарплата март'!E12 -> 1120000 | E24: ='Зарплата январь'!G12 + 'Заплата февраль'!G12 + 'Зарплата март'!G12 -> 1181360 | F24: ='Зарплата январь'!H12+'Заплата февраль'!H12+'Зарплата март'!H12 -> 1990560
A25: 209 Итог | B25: =SUBTOTAL(9,B24:B24) -> 0 | C25: =SUBTOTAL(9,C24:C24) -> 0 | D25: =SUBTOTAL(9,D24:D24) -> 1120000 | E25: =SUBTOTAL(9,E24:E24) -> 1181360 | F25: =SUBTOTAL(9,F24:F24) -> 1990560
A26: 212 | B26: Шашкин Р.Н. | C26: Бухгалтерия | D26: ='Зарплата январь'!E13 + 'Заплата февраль'!E13 + 'Зарплата март'!E13 -> 1169000 | E26: ='Зарплата январь'!G13 + 'Заплата февраль'!G13 + 'Зарплата март'!G13 -> 1233044.5 | F26: ='Зарплата январь'!H13+'Заплата февраль'!H13+'Зарплата март'!H13 -> 2077647
A27: 212 Итог | B27: =SUBTOTAL(9,B26:B26) -> 0 | C27: =SUBTOTAL(9,C26:C26) -> 0 | D27: =SUBTOTAL(9,D26:D26) -> 1169000 | E27: =SUBTOTAL(9,E26:E26) -> 1233044.5 | F27: =SUBTOTAL(9,F26:F26) -> 2077647
A28: 203 | B28: Шорохов С.М | C28: Отдел реализации | D28: ='Зарплата январь'!E14 + 'Заплата февраль'!E14 + 'Зарплата март'!E14 -> 1218000 | E28: ='Зарплата январь'!G14 + 'Заплата февраль'!G14 + 'Зарплата март'!G14 -> 1284729 | F28: ='Зарплата январь'!H14+'Заплата февраль'!H14+'Зарплата март'!H14 -> 2164734
A29: 203 Итог | B29: =SUBTOTAL(9,B28:B28) -> 0 | C29: =SUBTOTAL(9,C28:C28) -> 0 | D29: =SUBTOTAL(9,D28:D28) -> 1218000 | E29: =SUBTOTAL(9,E28:E28) -> 1284729 | F29: =SUBTOTAL(9,F28:F28) -> 2164734
A30: 211 | B30: Шпаро Н.Г. | C30: Отдел реализации | D30: ='Зарплата январь'!E15 + 'Заплата февраль'!E15 + 'Зарплата март'!E15 -> 1267000 | E30: ='Зарплата январь'!G15 + 'Заплата февраль'!G15 + 'Зарплата март'!G15 -> 1336413.5 | F30: ='Зарплата январь'!H15+'Заплата февраль'!H15+'Зарплата март'!H15 -> 2251821
A31: 211 Итог | B31: =SUBTOTAL(9,B30:B30) -> 0 | C31: =SUBTOTAL(9,C30:C30) -> 0 | D31: =SUBTOTAL(9,D30:D30) -> 1267000 | E31: =SUBTOTAL(9,E30:E30) -> 1336413.5 | F31: =SUBTOTAL(9,F30:F30) -> 2251821
A32: Общий итог | B32: =SUBTOTAL(9,B2:B30) -> 0 | C32: =SUBTOTAL(9,C2:C30) -> 0 | D32: =SUBTOTAL(9,D2:D30) -> 12649000 | E32: =SUBTOTAL(9,E2:E30) -> 13341984 | F32: =SUBTOTAL(9,F2:F30) -> 22480887
